mia's math adventure: just in time, 19.99
emc retrospect 7.5 disk to disk windows, 0.0
peachtree by sage premium accounting for nonprofits 2007, 599.99
acad upgrade dragon naturallyspeaking pro solution 9.0 (a289a-fd7-9.0), 399.54
emc retrospect 7.5 disk to disk windows, 0.0
peachtree by sage premium accounting for nonprofits 2007, 599.99
acad upgrade dragon naturallyspeaking pro solution 9.0 (a289a-fd7-9.0), 399.54
ca international - arcserve lap/desktop oem 30pk, 0.0
mia's math adventure: just in time, 19.99
singing coach unlimited, 99.99
mia's math adventure: just in time, 19.99
domino designer/developer v5.0, 95.0
adobe premiere pro cs3 upgrade, 299.0
